{"cameraMode":{"drawMode":0,"name":"Shaded","section":"Shading Mode"},"sceneLighting":true,"audioPlay":false,"sceneViewState":{"showFog":true,"showMaterialUpdate":false,"showSkybox":true,"showFlares":true,"showImageEffects":true,"showParticleSystems":true},"in2DMode":false,"pivot":{"x":5.494916915893555,"y":5.110537052154541,"z":842.0403442382813},"rotation":{"x":0.0014440618688240648,"y":-0.9954609870910645,"z":0.015243234112858773,"w":0.0942547544836998},"size":10.0,"orthographic":false}