{"cameraMode":{"drawMode":0,"name":"Shaded","section":"Shading Mode"},"sceneLighting":true,"audioPlay":false,"sceneViewState":{"showFog":true,"showMaterialUpdate":false,"showSkybox":true,"showFlares":true,"showImageEffects":true,"showParticleSystems":true},"in2DMode":false,"pivot":{"x":-262.159912109375,"y":298.9559326171875,"z":-145.041748046875},"rotation":{"x":0.19631223380565644,"y":0.6468751430511475,"z":-0.17676261067390443,"w":0.7155102491378784},"size":204.7302703857422,"orthographic":true}